[
  {
    "name": "Sobha",
    "age": 23,
    "flightId": 1543,
    "mobileNumber": 9876543210,
    "infants": true,
    "accillaryServices": {
      "food": "Burger",
      "wheelChair": true,
      "infants": true
    },
    "seatNumber": 14,
    "passport": "A123F243",
    "address": "#1,1st floor,sreekantam circle, bangalore, Karnataka-560030",
    "isCheckedIn": false
  },
  {
    "name": "Thulasi",
    "age": 43,
    "flightId": 1543,
    "mobileNumber": 9876543211,
    "infants": true,
    "accillaryServices": {
      "food": "Sandwitch",
      "wheelChair": true,
      "infants": false
    },
    "seatNumber": 22,
    "passport": "A123F243",
    "address": "#1,1st floor,sreekantam circle, bangalore, Karnataka-560030",
    "isCheckedIn": false
  },
  {
    "name": "Mansoor",
    "age": 44,
    "flightId": 1543,
    "mobileNumber": 9876543212,
    "infants": false,
    "accillaryServices": {
      "food": "Burger",
      "wheelChair": false,
      "infants": false
    },
    "seatNumber": 8,
    "passport": "A123F243",
    "address": "#1,1st floor,sreekantam circle, bangalore, Karnataka-560030",
    "isCheckedIn": false
  },
  {
    "name": "Mary",
    "age": 20,
    "flightId": 1543,
    "mobileNumber": 9876543213,
    "infants": false,
    "accillaryServices": {
      "food": "Sandwitch",
      "wheelChair": false,
      "infants": false
    },
    "seatNumber": 18,
    "passport": "A123F243",
    "address": "#1,1st floor,sreekantam circle, bangalore, Karnataka-560030",
    "isCheckedIn": false
  },
  {
    "name": "Sara",
    "age": 23,
    "flightId": 1544,
    "mobileNumber": 9876543214,
    "infants": true,
    "accillaryServices": {
      "food": "Pizza",
      "wheelChair": false,
      "infants": false
    },
    "seatNumber": 21,
    "passport": "A123F243",
    "address": "#1,1st floor,sreekantam circle, bangalore, Karnataka-560030",
    "isCheckedIn": false
  },
  {
    "name": "Sisira",
    "age": 23,
    "flightId": 1544,
    "mobileNumber": 9876543215,
    "infants": true,
    "accillaryServices": {
      "food": "Veg-Roll",
      "wheelChair": false,
      "infants": true
    },
    "seatNumber": 4,
    "passport": "A123F243",
    "address": "#1,1st floor,sreekantam circle, bangalore, Karnataka-560030",
    "isCheckedIn": false
  },
  {
    "name": "Soniya",
    "age": 23,
    "flightId": 1545,
    "mobileNumber": 9876543216,
    "infants": true,
    "accillaryServices": {
      "food": null,
      "wheelChair": false,
      "infants": false
    },
    "seatNumber": 12,
    "passport": "A123F243",
    "address": "#1,1st floor,sreekantam circle, bangalore, Karnataka-560030",
    "isCheckedIn": false
  }
]
